{"cameraMode":{"drawMode":0,"name":"Shaded","section":"Shading Mode"},"sceneLighting":true,"audioPlay":false,"sceneViewState":{"showFog":true,"showMaterialUpdate":false,"showSkybox":true,"showFlares":true,"showImageEffects":true,"showParticleSystems":true},"in2DMode":false,"pivot":{"x":36.55258560180664,"y":4.741367816925049,"z":-21.755807876586915},"rotation":{"x":-0.32066628336906435,"y":-0.6170809268951416,"z":0.30423253774642947,"w":-0.6511580348014832},"size":21.728759765625,"orthographic":true}