{"cameraMode":{"drawMode":0,"name":"Shaded","section":"Shading Mode"},"sceneLighting":false,"audioPlay":false,"sceneViewState":{"showFog":true,"showMaterialUpdate":false,"showSkybox":false,"showFlares":true,"showImageEffects":true,"showParticleSystems":true},"in2DMode":false,"pivot":{"x":-5.960464477539063e-8,"y":-1.3548922538757325,"z":-0.054576575756073},"rotation":{"x":-0.016088327392935754,"y":-0.9534347653388977,"z":0.05184553191065788,"w":-0.2968587279319763},"size":7.425845146179199,"orthographic":true}